x1,x2,y
0.028453393387773487,0.8672358053575483,-0.04069400063888891
-0.5263567373058609,0.7541679770770933,-1.4157073718078725
0.741745711976259,-0.11282314516600406,-0.773507374333359
0.7112608769526042,-0.4150917517321775,-2.2356613485584815
-0.0094398380448492,0.8410132751742294,-0.005308225032187475
-0.476052239723539,0.7508914654913771,-2.9580266433391906
0.7504597128811611,-0.17801775390969504,-1.1543252365848522
0.5081302059736584,0.16255794303374482,-1.3783678595723179
0.40154794510942693,-0.6504971509316037,5.935999653090301
0.7083115194557716,-0.8311459686943669,-1.1722045797147662
0.28681631332796254,0.8156462614621811,-3.6612285324530647
-0.4106373291993385,-0.36794043217630246,5.905046793296009
-0.902593248269661,-0.21920295271196166,-0.42184975940354424
0.09590092282116362,0.9494722505989794,-0.17516016358004466
-0.16782784696209282,0.017928168211062547,-0.1764745370286169
0.3206108739067219,0.8717875863662745,-2.8181796830985077
-0.34336662711532207,0.7041901999924557,-5.849195595131989
0.47646367818691454,-0.48481837360495206,4.1732346427765945
0.034100862229213325,0.8616877269989011,-0.06067077426195654
-0.4183923807685858,0.6290681858278941,-5.73999458815275
0.3552879002711278,0.893466462944872,-2.3909745825840103
0.0013483043789273806,0.7136776980636261,-0.00017708908830864085
-0.5250193252948919,0.4631729534460794,-2.072472045859856
-0.2768376963498092,0.23153130865674337,-4.305549163196111
0.6291413010380263,-0.694690597351265,-1.2149939362986881
0.5375644569209795,0.628533965697156,-1.427205950990476
-0.45429466625695847,0.1374162397138559,-2.116702292575653
0.7172268408497156,-0.7522916265567655,-1.624185016572852
0.2596839892208065,0.5778763743585668,-5.869445731477365
0.15536558090976083,0.7166018552744851,-2.1267470859110853
-0.008411871568283146,0.7235308445499125,-0.006718620804238381
0.03723634734617071,0.6590373356098127,-0.1507231159523722
0.47455892293173113,0.05093990952446821,-0.6783188302975023
-0.5808994362270324,0.4094259615842712,0.11866508702379325
0.051348334771578324,0.5464947903205232,-0.32170294459234944
0.07104214052165725,0.41523440319410443,-0.59551668035799
0.055807641473135626,0.8046045880861434,-0.22088858106034986
-0.4354026474567711,0.7476166649670407,-4.0805175474966955
-0.07161011305848596,0.6854420311380347,-0.5235776397873868
-0.4686013028564531,0.8481633223955622,-2.0660026953435016
0.6279960170806616,0.07180783601899907,0.32639959390172807
0.7987295882779364,-0.625007390552278,-1.60823343455344
-0.35055068907775905,0.7048645787845929,-5.834981132390008
0.582760308708941,-0.3916021059322919,-0.17654458080072402
-0.37492786892349644,-0.26559773360085837,5.276116306006013
-0.3333099102617577,-0.36212948858092364,6.603626858219375
0.26513051125504217,0.9953955191918498,-0.08956730296779387
0.33486799443312804,0.9043134993146388,-2.156173365407674
-0.961253781169858,-0.5281265684167774,-0.22834488258551847
0.11787501103704817,0.7569339271187201,-1.1370259437463062
0.6816984767877599,-0.8319721416277106,-1.1187697853909957
-0.09939315468700333,0.42393022050790896,-1.1535078008955455
-0.8903344714289132,-0.5410086328657121,-0.7671430221004172
0.0394694620449291,0.7126599655757841,-0.15136250436687904
0.13025215411992733,0.6940460045553407,-1.6257578525276903
0.3862244815506299,-0.559700211781283,6.839629541600328
0.22570084646839833,-0.6770939679217629,4.282978076517726
0.30811918219282625,-0.05971236096299931,1.3144630967584654
0.6283026157409367,-0.6682488383658116,-1.2658423047274476
-0.044248887784781026,0.04335791786476064,-0.03286416577661056
0.34637898621486557,0.6252607450004,-6.742329233519183
-0.7163703613461523,0.09865963975768129,0.70599604190204
0.6796111548177347,-0.44879237346958084,-2.1778091793175984
0.7206306850822609,-0.5231584166401729,-2.3021399666195888
-0.4630621377553079,-0.33381967405822577,4.091929882083162
0.5211141818452133,-0.6213054608976932,2.0933404862764466
0.606832923959961,-0.15858290946576348,-0.4459013072643328
0.1095051058289301,0.381558564630184,-1.3317472488166722
-0.10857263078515404,0.05984030949909165,-0.26284644131058393
0.3323494337560735,0.9784388981411928,-0.49213827112965436
0.42470842526742975,0.8151276348105649,-3.3273918127633326
0.6377196196906803,0.682604680840028,1.3925327388556787
-0.010557693418596997,0.7660538204885591,-0.009295307407383865
-0.4648641204795124,0.12903425489491435,-1.833587964408692
0.2692216844690988,0.8662892495042755,-2.567121672206906
-0.5059191273770491,0.8149683920745692,-1.601414790580073
-0.6682059416542104,0.35959369741747216,1.903661222388257
0.0613803069467794,0.5197921250405299,-0.46194956891098105
-0.4440549828578756,0.7563671937157554,-3.763756401138888
0.4038273425354669,0.8336365038674258,-3.302678198436705
0.8009860950507032,-0.8807336789053546,-0.6282824234272777
0.8111540094728774,-0.46270274664110206,-1.5954393955682202
-0.07850339959568642,0.019564566571861702,-0.046116550922595596
0.46500336976407813,0.9218736365124872,-1.128413550233978
0.1960482831702023,-0.636892225298533,3.6989350191082213
-0.8092175695873216,-0.44795989855956253,-1.6059454247441134
-0.08611641987564429,0.048529762079272246,-0.13659106962114861
0.7714940790567794,-0.42747800701744887,-1.9580653825284977
-0.2723224377455994,0.7153062960365337,-4.967501615135319
-0.3451075681571578,0.6170841051248342,-6.812458026554645
0.3130442476113282,-0.6317521939794255,6.509984785982962
0.6730798382609992,-0.4826768144955371,-2.1494296471315706
-0.3750763059486189,-0.05710509625211521,1.270407267286654
0.3319475853714022,0.6115982595788867,-6.826930510963886
0.19997760648142565,0.59554230325575,-4.012811924926998
0.12690591063878895,0.699521605957439,-1.5298927652902514
0.035758585981828205,0.8534504712531347,-0.07038299206160219
-0.3990079206662661,0.722704819965427,-5.142983001575078
0.0919853704416385,0.42019146607726593,-0.9902815419783363
0.014974238679843689,0.43918849696571144,-0.027368059347773036
0.0025648029495670063,0.7772192600094587,-0.0005271301207836388
-0.0015418387208607372,0.7789788343950116,-0.00018924598729621372
-0.5175738365554725,0.7479849597178235,-1.7139625781802965
-0.3374455177602753,-0.396059184462109,6.905208961554714
0.8172152521357083,-0.54617581163237,-1.5235351967200594
-0.5236688327627702,-0.34310949618441816,1.889388287248404
0.5238141154043996,0.8174159071709538,-1.1604286842513853
-0.9232005206683475,-0.4186338548394442,-0.47881105905956683
-0.8586171059411805,-0.619776188773468,-1.0114717624336624
0.0016151249685079465,0.49529987780018475,-0.00032449372277623776
-0.5905174661340505,0.4132433347364956,0.42737406777587356
0.6303432687867931,-0.5568100636846773,-1.4857068154927582
-0.06534775160120332,0.00988376431262382,-0.016258713831919666
0.626484970774056,-0.579835240229861,-1.3812615028377342
0.5515557802902873,0.02529775815262994,-0.07751596616312303
0.7108709135583499,-0.866262960542555,-0.9453514133381646
0.31313043956080056,0.012557196077929461,-0.28047071744319574
-0.8204812302358824,-0.5826173864269584,-1.4532065864643107
0.31374615647462734,0.9870394710637007,-0.2897660408485205
-0.9782986936713258,-0.5219510863399365,-0.12479586267061817
-0.33525825806587783,0.6251129472060244,-6.7279436071794745
0.37373976374694995,0.8481541571045915,-3.2761117200829197
0.10802752768715485,0.7443279726945617,-1.0023797987207375
0.35534233223777945,0.7792234693475519,-4.653390651215775
0.6614258200082919,-0.0928700602429785,-0.5834367357269641
0.34671521198764976,-0.06741171478798298,1.5344832228796688
-0.30297477764081593,0.7897395686686951,-4.27936311416212
-0.8151964327651696,-0.5189731430451564,-1.5592218004219354
-0.30443324718251186,0.4223405950304856,-6.789270182766806
-0.34794273987804436,0.03177930155807064,-0.7274905018726564
-0.762006795901261,-0.5603816990010086,-2.0530884415755373
-0.8551410625168245,-0.4901645397859716,-1.1237102670438988
-0.01547312281896397,0.8477282972012424,-0.013700605538488973
0.3406895015196145,-0.13403646393972052,2.98292488248218
-0.09269485472108684,0.7823052808885554,-0.6555670324780818
0.17559400367027983,0.6629633339430601,-2.9545646150257516
0.7363660455762124,-0.25450541637550395,-1.617599668359459
-0.3021562997916571,0.6722583615674973,-5.96737570920132
-0.556690922028255,0.34261787863241944,-0.6797341300969892
0.09401300750688683,0.8902665113940768,-0.3603638548579299
-0.014477518607335397,0.39608957841493503,-0.02468164280987444
0.6374171770066923,-0.757460824782066,-1.1405632490012654
0.5365869822671687,0.04204786309821015,-0.20983872458764163
-0.8520824658725954,-0.5483835644035169,-1.143483980057346
0.0999389490639901,0.7497656509315765,-0.8490352771989272
-0.4713919290628185,-0.013898049466900174,0.19146994033778256
-0.8517371184270827,-0.43873745746649195,-1.1390892374947414
-0.8228652640826322,-0.5028952220334242,-1.477084390804158
0.09157908463755236,0.8196653202806538,-0.5439664732724246
0.4419559636946593,0.8026641066258398,-3.198944671220395
0.3528577458993161,-0.5977095222556678,6.947312622812328
-0.8265161141596002,-0.2949659052917566,-1.1487816431496112
-0.3775946962671703,0.2519460946639115,-5.042595060030226
0.551463253599279,-0.18779526180565276,0.5452656093439486
-0.11006583859504149,0.7203519252387027,-1.1112703073441188
0.43141765052681114,0.6199955225965282,-5.44593146620009
-0.47547434459798993,-0.10469173995392161,1.3627324074427218
0.704222544420594,-0.3503014740885279,-2.061703943837023
-0.15897058467585862,0.05762252486508902,-0.5131377419944876
-0.4170037978198578,0.6709732715766793,-5.399824761470635
0.05616378401634485,0.4530233383648768,-0.38410893794992634
-0.5233589863791465,0.36158880408252225,-1.9572189611317112
0.5882223786138425,-0.005019145019346832,-0.005824636721345471
-0.944469920820714,-0.5333613417757951,-0.3379537875348029
0.25905855174054565,0.6462762712807716,-5.406973703196121
-0.04475414180107114,0.32243416657452656,-0.21001269717765153
-0.5400864375200224,0.39253129961179556,-1.3647712198032145
0.42605798411692136,0.6798287938090247,-5.087725715215521
0.12577881228004084,0.8254422920417979,-0.9684588940811202
-0.9022143810320478,-0.5668746587312449,-0.6524346557220634
0.37115319794437895,0.9246624500337065,-1.6796652997395816
0.11397027819527492,0.493401388859399,-1.5422193509793074
0.10405721176223973,0.7053370709823393,-1.0360733916138167
0.0752412008017076,0.9348797789681887,-0.14036221959679235
0.06037756991501398,0.42270038052482717,-0.4348868818732288
0.378980083478676,-0.6395786609563058,6.40089352623336
-0.0020956864365190443,0.4055303859171584,-0.0005224891699556124
0.3685476487108584,0.8930186617661914,-2.371035102962985
0.420822542786671,-0.34408078454689883,5.451436136855428
0.5692241802717771,-0.48963767977527817,0.2933761690192426
0.5962693776905661,-0.785047601326839,-0.390229672243118
-0.824231626452254,-0.37910846372895374,-1.357814893486268
-0.9185191598325505,-0.622293852261417,-0.49282728596950465
-0.39970931765496565,-0.34454316186192435,5.923213242816373
0.027242869515099653,0.5066412869680288,-0.09208832572172046
0.11740489908650521,-0.38712496501645793,1.5302976988822032
0.7911358146714127,-0.4849231262243128,-1.8181079917315839
-0.4714177285638732,-0.07682744366489837,1.048267434034279
0.0026846406359084503,0.7787309008429455,-0.0005742754104306501
-0.43405449408477104,-0.2447680619587545,4.013937284552341
0.20458885850549488,0.6221358719641418,-4.037510028179419
-0.03866585054970454,0.4383324825612561,-0.18162146278226057
0.0025126567062259686,0.8475449578416182,-0.00036196048336555893
0.6162997687471202,-0.14518557658338951,-0.52155575766965
-0.3745174975666181,-0.4170247746053045,6.885398918945586
0.5267868603782894,-0.553768719254293,1.9817489756586382
-0.8058088178703825,-0.5600253216196853,-1.6352437186714663
0.06803710657163989,0.38136591927459534,-0.5280613733755836
-0.40573204659151263,-0.29178072277601547,5.215424482237921
0.7365628472924532,-0.9244152778697285,-0.5304485168952686
0.3035568575305425,0.9319876850867328,-1.4808119782814813
0.7149006255247612,-0.8999475555536534,-0.7160648247659621
0.4441848215717815,-0.5432309574144886,5.3779364098983695
-0.3327081778823631,0.7225745393416514,-5.566079067399909
-0.8314372931316114,-0.5257439235962775,-1.377615392150197
0.8146208650919795,-0.45815578227167814,-1.5548091645481819
-0.18321143408574198,0.001539724982528605,-0.017613625595397645
0.4792964489352946,0.6011853397237678,-3.856531401511107
0.5751510138134784,-0.5593604256200616,0.07668107363821393
-0.5459504598418176,0.10807723451809041,-0.40094411042903655
0.1601353318905168,0.4925753817088176,-2.8864369216317267
0.3470841583859747,0.6692932221067198,-6.291463477716953
-0.9430590440163172,-0.43612824212032714,-0.34253907466511313
0.39030908063431685,0.8861090250471209,-2.4136335307260164
0.0413123790076808,0.8721016090733128,-0.0825721758490842
0.07657248305656769,0.6062784082836616,-0.675570090814248
-0.6375076891305032,0.316480298881563,1.3865535882738769
-0.3468132046113009,0.400002294811901,-6.942740831981367
-0.0944485863397225,0.042699830814568004,-0.14389460635535117
-0.3634241136525859,0.2963023256606118,-5.8012543708559505
0.7294083417608109,0.11295991074255424,0.7937472556745974
0.6849121867762958,-0.1356675134776032,-0.9267893434541695
-0.807609921721967,-0.3059384199926393,-1.348790314069376
0.04322490981032816,0.8854220026057594,-0.08137170247211867
-0.805728973371958,-0.27632132548994087,-1.2710280463286014
0.7181081064749336,-0.1422027903422294,-0.9990597583619287
0.5262235739256891,0.03687103562640526,-0.23514622706809882
0.7121948637467341,0.13670634557669248,0.964986713894295
0.0018746579706724747,0.8626962588826222,-0.00018279490200054233
-0.3144021744791361,-0.1372108206001369,2.977527622532357
-0.7355949855594058,0.05154263391741841,0.36426944894598556
-0.38774128136492736,0.255463589851343,-4.988329333606476
-0.406989088831883,-0.04785035706441373,0.979769501291449
-0.03377854427774912,0.871483298458478,-0.05555848732981709
0.5559000286178429,0.11436002245544008,-0.2824620611961355
0.052041925625166754,0.5234373458692116,-0.33302351358115256
0.41305322839334657,-0.4953185741139643,6.389756607764619
0.4672164671457531,-0.4406757634356566,4.476708001927091
0.5251112760536023,-0.5740689092330606,2.0263334847307526
0.7274006279081255,-0.33846896407426397,-2.0023137621075304
-0.15873244287292165,-0.03842068393280507,0.34227235456943567
0.06924563802727882,0.5019304549679511,-0.5869571016336815
0.15660432902446533,-0.059809958421703856,0.5183908600525026
-0.10175466047057692,-0.08418184511694647,0.32467968895199484
0.6935750063354454,0.18324404451511805,1.2437146878748429
-0.44227415729780384,-0.05503652660637674,0.9453580056940781
-0.354856581056763,-0.12712065627748356,2.8310087243571433
0.7445754430027108,-0.4139044205243827,-2.1321834679819056
0.6693160332038144,0.056608010759086676,0.37442201532099095
0.4328499983042371,-0.031344559188354874,0.5713240096378764
-0.06427127701451238,0.4538740512217446,-0.5015223510288801
0.40673005073862295,-0.021295953220934596,0.43778416269577763
-0.01799951591378894,0.3776525919079705,-0.03732553145923334
0.03845518561681095,0.6567808847332239,-0.16132023478899052
-0.8639189687715109,-0.0998397138871478,-0.31852389138343534
0.1410749453452454,0.7163888515414961,-1.7870235191795791
0.5695783848795728,-0.08519370630889628,0.07416672082350749
-0.7830334032339509,-0.43766786070983854,-1.8652706065771307
-0.3897931340658057,0.4369667434996705,-6.766194753451057
0.3598843561307611,0.9035269214037822,-2.1655891303456283
0.5729104993518157,0.09646793865421119,-0.04733961616477214
0.760415141262103,-0.8270339112855805,-1.0874507291786153
-0.4287820428269186,-0.498889890011665,5.940123951718092
0.06696308974506743,0.4029029679776708,-0.5241365354713712
0.24213690283367684,-0.11646855014971452,1.9863973277164355
0.26030950610406856,0.8549270973143914,-2.6700400930944457
-0.833039563270746,-0.5907522612831257,-1.309334268348075
0.5607193668927606,-0.563843793518983,0.6028412046526512
0.6873566663009625,0.04650065182846731,0.3283535206673477
0.08976594429539017,0.7909077512930883,-0.5953559703179778
0.7622076073980621,-0.8650324289473804,-0.8594498741852838
0.5876773120511182,0.2752565155958996,0.2675128573538678
0.029417647114986317,0.8734567917694378,-0.04156441719215886
0.5659137061973724,-0.6908243186587119,0.34433380019555215
-0.08745801592297522,-0.04619167498766301,0.1340281824312695
-0.10442650312528057,0.06399718822816312,-0.2607044075085465
0.7577759560040249,-0.3320342275275364,-1.8347113042429075
-0.3367699451119523,0.4622391650391548,-7.237226853623707
0.7440794874454916,-0.9336652738265799,-0.45837313532586843
0.22676765359910311,-0.3568399790683584,4.572638892693174
0.08329775660664061,0.7793434740982721,-0.5386435463790192
-0.03196371301444106,0.46614865606069505,-0.12596445516029
0.596840830749403,0.5406087094222353,0.6364937876996134
0.19303253006526502,0.6371067855856469,-3.6062746272541815
0.02488891476107715,0.4234489545329381,-0.07469612826122494
-0.4724107968150048,0.7630205956193695,-2.944194158366025
0.5691798228129417,-0.7365164212168663,0.21736971600096222
0.25351346771300765,0.8193404593749253,-3.161426532035294
0.029545689596082572,0.4562450945605039,-0.10727018145290959
-0.9005992939625129,-0.4972393256044402,-0.6811681170446333
0.07952756176069607,-0.45535967421669066,0.762487869352443
0.5867283740683497,0.19395993594707403,0.1833253358244803
-0.36000479391508156,0.3308841591486909,-6.255043901587857
0.44370338660489844,-0.40886512700529976,5.2232434266002254
0.12411809646520391,-0.40999364368450586,1.7400689809605305
0.7781742235496941,-0.6090594512067123,-1.835230039708211
0.6173028452381014,-0.6440971236656344,-1.0874265236222107
0.4795392269938008,-0.7442809034986213,2.9146091507350493
0.1814995927429694,0.8541417821512989,-1.5856093342260484
-0.03630149259289832,0.759605603458845,-0.11189062134727608
-0.1037043849801769,-0.011487663163535415,0.04648100304768649
0.5392464155692924,0.013383556500923516,-0.06227329593302052
0.40963348796411153,0.965865404371284,-0.6933080265080913
0.6394330899828202,0.2555487968920586,1.21575266998896
0.5229240182862611,-0.4458488878154183,2.145410564814131
-0.5826002668801142,0.03467122137118523,0.019769248503070286
0.6830240393868653,-0.03520698964494422,-0.24614162677206214
-0.41636874918078565,0.7805080407252207,-4.0094004973982775
0.5057604278782305,0.5289741275694716,-2.91121902943831
0.5469766561518423,0.29170189993551454,-0.9218569532414062
-0.777726459254358,-0.3814252875797323,-1.8187883675603602
0.30592128568494703,0.5348184780410218,-6.975990726528182
-0.4298864838423452,0.3916193750812349,-5.566618831829963
0.0946776634392324,0.8517481653769873,-0.48544479175997446
0.6749254886747283,0.15500819891669104,1.014954231900176
0.8912129400129258,-0.6184198381176973,-0.7130978546433706
0.6972650288166805,-0.34126587134366815,-2.0175160148009916
-0.4060763297943035,0.6103091516059431,-6.173749543738635
-0.4438625897707486,-0.06834259277311015,1.15888736920611
0.049891739989847736,0.49245824030563473,-0.3070461115581832
-0.27241225354868376,0.7456482794084625,-4.56695926421655
-0.3515940147358229,-0.12737270324571812,2.8405463523714674
0.005171321871469355,0.7977710564513343,-0.001974168994708995
0.35651027921518347,0.5663783786910448,-7.116149785956187
0.6156947100971094,-0.3979225995104497,-1.1092314819590232
-0.08390797342136586,0.4849080046862327,-0.854051951089966
0.3501812075026849,0.6285636200587059,-6.7081037982222185
0.3568827767439259,0.5653279646856731,-7.11936652680628
0.7460932581010906,0.03540873136377523,0.24461690751224735
0.5920698953731309,0.2656172335150789,0.3655008685515312
0.8432213244639165,-0.6051649670322787,-1.18481285741786
-0.8663750837906035,-0.5352523599137248,-1.0009556744292787
0.2692410771197816,-0.1347224572097039,2.585572546029882
-0.49773481022325716,0.6566406366111598,-2.8840618180727384
0.5973013545507015,0.13604855515905268,0.27180678120790763
0.5419833599765004,0.2603800579719766,-0.9979740005254525
-0.3544663930743209,0.39230723206734236,-6.869531271310412
0.6610522321609197,0.08957540092992358,0.5620207893929942
0.7767148803454108,-0.6845086993553643,-1.6417018559109964
0.45348282120730554,-0.4760725234205022,5.074917646598887
0.23320129259041766,-0.6002859764866461,5.019812823329955
0.5023896295906568,0.5721139909649416,-2.991679073055078
-0.2960102594092796,0.383327677318668,-6.405714509645223
0.12257920662559478,0.7522159962428979,-1.2428847014222335
0.7297781028643129,-0.7686647159718986,-1.516972238306529
-0.3774960330611728,-0.028919165536680932,0.6432004275940567
0.007078748329521278,0.5244988705394921,-0.006214408738135068
-0.07552437506740592,0.8136222797501981,-0.3846395831283482
-0.5495343754224838,0.3161951548411693,-0.8863592251719181
0.3410749084632678,0.9167651769287688,-1.8867292290361997
-0.016055237042773174,0.7684294616890435,-0.02130784296568521
0.10633758631632383,0.955421162147807,-0.18867332041089493
-0.0876847014393207,-0.033843978675308015,0.09885672758573062
-0.3414459902232854,0.7423230727646984,-5.283915707702361
0.938702396090495,-0.5209709726771642,-0.37925775539946655
0.7123635897578362,-0.17562522222155735,-1.2147372298995185
0.4407895358616726,0.5078036647805922,-5.544671544318538
0.4920647650079105,-0.5833511239332502,3.3974327186794238
-0.4994049363489574,0.7465722133601971,-2.2868956006195122
0.41235827817281484,0.7651750790440061,-4.310380968001486
-0.4696842176468692,-0.3204315470374332,3.7656359901233154
-0.34538696813669045,0.3696619442265514,-6.69722206337527
0.08579612086632805,0.3512155157096763,-0.7971132953935594
-0.6037932308749357,-0.011468873974364899,-0.030522880482344007
-0.5481437789048477,0.2305321323572803,-0.7382995086913936
0.39025929949452054,0.8677937423016401,-2.7812328669701865
-0.10948687940825455,0.7802870777367701,-0.9099634440381874
0.10439572087419285,0.5174128682719399,-1.3027822174706432
0.07414605324469987,0.6888857683565277,-0.5565587317143358
0.5522791308205236,0.6037452785363092,-0.8974862223031279
0.6948571044534818,0.024145341901447362,0.17349075356512905
0.11467076267680773,-0.04634735105121121,0.22642730296903488
-0.4106894222289483,-0.1263201636130553,2.4934337446015977
-0.3540656172936544,0.7531429912943206,-5.099358186525192
-0.36871720233650257,0.4237346625006507,-6.9823886157152
0.11430698831745509,0.8381928143151277,-0.755007882477809
0.05449312826147037,0.3679512924973553,-0.334773869541635
-0.3815417773015792,-0.03952831115994909,0.8712373237353389
0.38973233181451167,-0.647359559364742,6.175629086692155
0.4934011486561784,0.5835876803348131,-3.341156598646564
-0.45615053998528016,-0.10276850410866828,1.5827480589874106
0.12129579089809152,0.90350392497645,-0.5180586230672277
0.8348429748240037,-0.73128687200413,-1.0049199771087187
0.7656261085912692,-0.866836278169938,-0.83723094086989
0.4147576107639286,0.5618526757266816,-6.226104957188022
-0.5789640003428016,0.6479053457911751,0.05057277422941364
-0.8454300950764105,-0.4873442759353318,-1.227551707583791
0.08895964496597603,0.7841511958626308,-0.6009874492673926
0.1882296986988259,-0.35949924546621026,3.4434350944048178
0.7257347217858128,0.08650619089790691,0.6163354267088629
-0.3759739821569804,0.5914309180600061,-6.81736245873695
0.12494403583662159,-0.42775090430137763,1.7876445608839984
-0.8007069320807313,-0.4414966443223336,-1.6907306266427682
0.7479487537047165,-0.8208066162633321,-1.1698471720373609
-0.030460076918237537,0.45274428678942563,-0.11381167139613649
0.19439354132636613,-0.35213069001006425,3.5888330280071767
-0.3674375832410099,-0.060582782365480946,1.361997664366066
0.08526216220460855,0.7641105201582873,-0.5954870766883643
-0.8436857199850005,-0.24851417904110967,-0.877983820371996
-0.5258929052256534,-0.3112531793704496,1.699046650468823
0.4037646809755091,0.9858130741779527,-0.29485046868929204
-0.17181681363689044,-0.028576460448136273,0.2927264467530903
-0.5951662780065332,0.4719664267856135,0.5879968067902348
0.8562515654267833,-0.7139579012426435,-0.8704912776018162
0.5915379307905627,0.09124976259858707,0.1347033707445829
0.702509940107755,-0.21373794756010306,-1.437142637228089
-0.05026114481032913,0.4643228552751611,-0.3097027553029719
0.7306053336261701,-0.1326778072914928,-0.9230809244648515
-0.5766385692489248,0.03527098797435695,-0.0027794566044392083
-0.018969087292140828,0.4751499653237837,-0.04457638465864109
0.7190923239179555,-0.7667801111590102,-1.545728513531585
-0.9225357275432297,-0.5930432475769796,-0.47883217431973585
-0.2994140642003533,0.35346115010339485,-6.198438878055257
0.2813875608970371,-0.06487182509916263,1.3309865156370733
-0.5546223993580925,0.3789799032361779,-0.7929595855211286
-0.14204893378497918,0.07643739071528967,-0.5534292584721169
-0.6715359010876194,0.09635723801917673,0.6374479613439079
0.7349034925111623,-0.2637044508385744,-1.6672471873648658
-0.014312434535736766,0.8005818466866597,-0.014931623001994973
0.4823704291067924,-0.32515215660786145,3.352506231767856
0.7571199533497006,-0.35251738798018406,-1.9040878748838423
-0.37485683785483215,-0.1596807347459021,3.4248521879671574
0.4626956612922323,-0.15458568926382826,2.2103021648471683
-0.31561541713470037,-0.05476960679921683,1.2224045951134304
-0.8033748336173856,-0.34082349049604505,-1.4839944051572973
0.5954245986544596,0.2619999159576418,0.43868072648190737
-0.015326323422301464,0.4690435025531882,-0.029062469294969456
0.040214463800885406,0.7760659810115826,-0.12946059953674116
0.05407780347055954,0.8158694947236993,-0.19699056241631382
0.4269316750337166,0.9634979907375494,-0.6862147179150907
-0.08056228550120778,0.083363155414969,-0.2044733903170785
-0.8767033470457389,-0.46268399312690633,-0.897301874098901
-0.4531719754554622,-0.30410020734509824,4.165016730306409
0.1273257525017104,0.6636642685704398,-1.654932990207767
-0.21113921106353908,-0.07248637539393774,1.031929366929976
0.15270238781629059,0.8409089706124355,-1.27133834544037
0.13560246297307132,0.9395009243959433,-0.4036478994552903
-0.3935915610629744,0.6657404825661031,-5.925901668305018
-0.4128415840992637,0.3474481485012067,-5.67537822766888
-0.8572923698612274,-0.18649860384632447,-0.609075921692583
0.24112203364731472,0.5776334987587095,-5.358134924235311
0.6744548269738586,-0.3293098018129322,-1.8609855978395728
0.04971319434369767,0.7013746495883321,-0.2459384272546088
-0.8938478361317812,-0.5096515577200786,-0.7410574580588355
0.7755340635244351,-0.38114630281167045,-1.8372616800646488
0.8076355094944369,-0.6193268617038766,-1.5306719470384755
0.8545680714331791,-0.6532557746617583,-1.0018292075369517
0.05355209583228547,-0.331734276078691,0.30516055700448247
-0.37740208334193437,-0.25341443724898965,5.067299390469316
0.038598204219153234,0.49709176798716886,-0.18443244407076667
-0.5265945693132422,0.14411178067688346,-0.8830110699386297
0.6638299363194566,-0.32851333080818945,-1.7656792071423368
-0.769385843095774,-0.590028754245209,-1.9480478394921457
0.8300478580564519,-0.3508166443962333,-1.2468188456221063
0.6833302010271667,-0.21810439461957964,-1.4124063739115333
-0.026832451785162248,0.7920810860933948,-0.05430690039525173
-0.4112787125873291,-0.12319338528068542,2.4292280854405828
-0.4482477337382973,0.6630376972682102,-4.6045446418905085
0.11474885886360868,0.47502942678249266,-1.5578040737882923
0.5172818841889518,0.21995351042332337,-1.5431834145462056
-0.4909183152516968,-0.3509996022671407,3.182957915799832
0.07866720968649914,0.6838325548704495,-0.6315812343182945
-0.8416608145990117,-0.32346097474137897,-1.079284660177818
-0.006005688651014869,0.7623608966041028,-0.003046964567114069
-0.08446366006961807,0.7379169806669927,-0.6352131252690378
0.5342214452990042,-0.5182569471147223,1.690274622696025
0.5485908956971994,-0.5874165779245759,1.0550563356659626
0.7407801389928479,-0.9462796864889109,-0.37522133476320907
-0.0040937506811897575,0.8508065666975259,-0.0009417690913795976
-0.520654581098223,0.7121565598914308,-1.7881407550224306
0.16110636414856996,-0.3514681883056397,2.6062420400482105
0.30415189047551655,-0.615731360989724,6.535232760734683
0.3999528602674763,-0.046173603441908836,0.9687964466816832
0.6680681089146551,-0.47962129131775727,-2.0994159709112594
-0.3291495077078983,-0.1359734599280755,3.0052824470249333
-0.799386869953048,-0.6015260739289973,-1.6463266130921315
-0.46065448157235517,-0.034676969697506575,0.5235258899917006
0.2658469939063583,0.6078500266593072,-5.857232167585664
0.8511787554876459,-0.5497291248193951,-1.152290220224941
0.7843768642518233,-0.7459335638484281,-1.35223269148454
-0.8882874616319208,-0.5351697974232446,-0.7877136660893928
-0.06836532238440812,0.41835843273278833,-0.553656711437626
0.3244725273725406,-0.347608139140573,6.409947281051164
-0.39659206451383844,0.7716549917518116,-4.452052430993401
-0.036877733293875295,-0.05731400502318337,0.03016464559160507
-0.7137152783527199,0.287666819510723,1.8202261286104362
0.14357388118919379,0.4123062996816262,-2.283296642446994
0.7677385218053698,-0.018605475365257584,-0.11934320327139943
0.7693090224187273,-0.8597009561234987,-0.8657674687661255
-0.27217075626860515,0.3432873372701198,-5.610265628894945
0.3373980133488864,0.9256413340072049,-1.6876043528848528
0.47310837875793854,-0.4078821100858582,4.136955839626191
0.5383192503043023,-0.18751903152157723,0.8447369069558026
0.7117577044334706,-0.36533073994100057,-2.113234116395802
-0.38845986138115673,0.12825676062279215,-2.715124028173845
-0.36476538448272766,-0.034166912383158894,0.7737143891810867
0.5669800747057602,0.26105355556232235,-0.2756957129400885
-0.02459846430794326,0.7161791410992256,-0.05845814096511999
0.31669423090907556,0.9619855069690275,-0.8519958356934287
0.6303305197825482,-0.274943444600425,-1.1475956703382013
0.727909686997882,-0.15329971560922057,-1.060456927203411
-0.5738987948001356,0.29225520149490647,-0.09767313399528964
0.3559659681726261,-0.00639370976419245,0.14614287704960763
-0.650384062709008,0.07241482034947022,0.42307245050933684
0.08713481047300406,0.9468773944552329,-0.15285953750056017
0.7849593224843238,-0.5167088610035366,-1.8800085971525085
0.79860521409697,-0.6573149774865641,-1.5336177316376143
0.7059852194469385,-0.7268373683151467,-1.751632395911756
0.44756174718073594,-0.6786308483932639,4.4932801788400205
-0.5071063352065568,0.40886588646039307,-2.7480448909689073
0.3512885793748596,-0.5136104851938051,7.285825245481761
0.4289509348908929,-0.01188891265177567,0.22161793290990367
-0.4827337818257863,0.376309431692132,-3.6235127151258157
-0.8718082393178097,-0.647783099216376,-0.8513102616618113
0.6144389297476129,-0.5729773873734612,-1.1070095262874522
0.611926127340093,0.255619241471994,0.7707531178442342
-0.47900894057463667,0.6413844303945735,-3.6768474476349042
0.34007300109257443,0.9789158990558212,-0.48295385571042515
0.323211172171898,-0.010836995039278138,0.24548489892516207
-0.4238293531099944,-0.01209958411299214,0.2314519459731585
0.7585192054799901,-0.9409121753070622,-0.39089419176706736
0.5546798639509465,-0.46745172939086416,0.8472092172954113
0.6900523762848694,-0.5594189127932588,-2.2299279601847144
0.5549949644749342,0.146712926428384,-0.3732319102556403
0.0929461109838047,0.8799979515456473,-0.3839699098833367
0.6924757337965057,0.043411990225039235,0.3100065753364145
0.045402615283938276,0.34293857364180313,-0.22433186390396004
-0.1460314870054464,-0.07624787097865013,0.5806146799770339
0.05583976229837703,0.8754225985684441,-0.14644494070811484
-0.07654896041228676,-0.012972381309945717,0.029115833667266566
0.2729477768546247,0.9371065827675475,-1.2533686316027055
0.05539870054733756,0.39207993590844675,-0.35641808802927943
0.3699319722155598,0.8916417357872697,-2.3959003577388414
-0.41646422419407364,0.26142793141161685,-4.611492308656281
0.21957257713679207,-0.6025349926170109,4.597362787176952
0.8181315177118397,-0.8392302202851872,-0.7401189363831823
-0.5726700129083846,0.10472800427769224,-0.05406740840709987
0.06712509007644474,0.8379079084178667,-0.26916226124615783
0.7117021922963578,-0.021383283910294704,-0.1555724695543321
0.05495335425772168,0.8866452912548952,-0.12967217074438808
-0.4095328080127228,-0.09778154699645385,1.9594625564039188
0.1907225786524171,-0.43325832021059885,3.8064147254437053
0.8487322084217611,-0.49326101475183626,-1.1925284917988346
0.5850499362595712,0.27772132847938114,0.2025979374461689
-0.5360130662788487,0.316724668571487,-1.3565712261446559
0.6119258936617672,0.5226779436987234,1.0685421750501083
0.5447451166050573,-0.7127858370271785,0.9835873092882619
-0.44469748805404097,-0.06934631847991098,1.1692637669807446
0.4972914773437808,-0.0936577999252466,0.9545794081108604
-0.017715622060560557,0.8773033778629585,-0.014665224573320227
-0.8034236810218736,-0.5377524455495509,-1.6786627526244324
0.7089691246845844,0.09128943303341125,0.6554900766227847
0.6850687864800241,-0.786106908319665,-1.396121248748728
-0.3803955793258821,-0.3239488503084017,5.9991320584968895
-0.524227646462735,0.7579634332380387,-1.4614778007163407
0.0844706656115336,0.34240084130830895,-0.7622023488575822
0.4479391817683678,-0.04274835729800228,0.7087886242272119
-0.5076999394498386,0.6765029895234675,-2.413423622368008
0.10014912411384996,-0.40138766708532636,1.1473456562208981
0.463557239466487,0.8438305516711567,-2.2151125371081006
-0.9139599381499757,-0.48482411574936957,-0.5676063176688672
0.4673507038418365,-0.30104864933248543,3.6899889247383633
-0.8538471278880846,-0.390565272074416,-1.0714007024165173
-0.13372181111124953,0.7032271093224864,-1.671976815753646
0.6821403702915526,0.12089213459987116,0.824538681313013
0.7907594819986647,-0.323327083557162,-1.5501973486752323
0.007418968041948129,0.7312944936091881,-0.005117013749437107
-0.31209493851633713,0.7727072802460292,-4.649257536393915
0.6112872072375742,-0.6512137507169818,-0.9375858842386242
0.7379023402342473,-0.21189002690943765,-1.3887075878754427
-0.1283559515732467,0.8229891142023589,-1.0185326614666157
0.13065959657987716,0.7584456327685686,-1.372414290256622
-0.6196793086964997,0.6953400870097707,1.0363142073817888
-0.29854893940044547,0.844129998804933,-3.2475058872422573
-0.6532398784706143,0.46167929284199616,1.9046950907004916
-0.12613826491023897,0.7228867548280375,-1.4282146592974083
0.6037733689775039,-0.13771936353813916,-0.355031520936208
0.6836552437510685,-0.11594786138924602,-0.7958752825445652
0.14116773947236405,-0.364595876699536,2.09558409599467
-0.010149135161094095,0.7647761668751594,-0.008628125540222105
0.010231762685117562,0.8451917105340883,-0.00608533857100038
0.11245723194582301,0.7387286623091945,-1.1003789210710384
0.7506427434367635,-0.6579499159691637,-1.9121981114522033
0.09152749490421208,0.8912526942277202,-0.3391888771602631
-0.7909955239288495,-0.5402190173169834,-1.8070695874761908
-0.8855347101265374,-0.2630723466483301,-0.6019547714911644
0.5252958158169034,0.11598517514723408,-0.739289502743567
0.4089117537633796,0.9385433382193538,-1.2463176028150036
0.3514891030138983,-0.06091965054998712,1.387067585087758
0.7776545581676368,-0.5090862936037223,-1.9525969664216487
0.08126287285975546,0.750654247521498,-0.5667918740064305
-0.009333435601384964,0.7964302731905101,-0.006466203793679877
0.2427686635550263,-0.10583232168842692,1.8182289844858015
0.010415976724222075,0.4112821864714563,-0.012971811118832588
0.4046564327805085,0.5826257682915424,-6.376186500749672
0.7912370589726384,-0.2126373456167509,-1.1268153044399238
0.15103434477012725,0.6669367095123082,-2.2513522951708866
-0.07507877157220229,0.4976410310596318,-0.6879654801651348
0.6576803886507274,0.16430001479042808,0.9774597327067354
0.33496700767564064,-0.47211683655507836,7.25433884409552
-0.44085759608030256,0.3320626970435754,-4.790135740361271
-0.43853338691400334,-0.11954301822906875,2.06259254065374
0.3789872042751362,0.5521402634459966,-6.975035537899199
-0.39803716672799344,0.5347028357623717,-6.702539669548021
0.38908765808507106,0.8098537441720793,-3.8885549555541745
0.23988254462922912,-0.6007601578507278,5.21178073914997
0.003888790680449228,0.8845966477008065,-0.0006672137823546707
-0.016159416062946925,0.7535300949248589,-0.022695650005390408
0.4607935028287267,-0.5389467575208817,4.7737397473548855
-0.3948589637133912,0.7256830393395817,-5.166340257569034
0.3849464490180636,0.8447772747593468,-3.2715202989706738
-0.3319154192657904,0.0733257645883853,-1.6597066266258786
0.8151737858822758,-0.6347173595165072,-1.4244059556626958
0.5241332651627,-0.4529811258090767,2.1014860186963227
0.04761068729971199,0.7251386840895063,-0.21275819019760478
0.1501979096084587,0.6888678773771394,-2.134883926546795
-0.06655123030567717,0.6846805992999763,-0.45403305650232645
-0.03358856750296409,0.4367048179566338,-0.1370822195107588
-0.6160676717150928,0.09139842544002973,0.33369057002772773
-0.44763117834081273,0.5870196617661375,-5.1077770909703215
0.5746594803645727,-0.10050320528034751,0.029692033212587645
0.5890767640600457,0.05876550081493215,0.07292110052082931
0.6109520061045953,-0.6830990022164795,-0.8771688433782837
0.4586888175679979,0.5807979913610991,-4.734564428496257
0.3834792918247053,-0.11957350708087702,2.570001901659164
0.16161463902684042,0.700635590713898,-2.370601371342033
-0.4510306088914158,-0.3391760157613536,4.533265944127249
-0.6917784414659999,0.06424488595112952,0.45649005188397823
0.8022414045518289,-0.8572620498831495,-0.7384405610534855
0.2914580425968377,0.6431141319850159,-6.105626868411265
-0.26446869329808925,0.8221534279681901,-3.2734239360345345
0.6353632619362168,0.012336259662796514,0.06246969440215995
0.6523318497373971,0.26626896755932816,1.4142721947459898
0.7665346310799164,-0.6916367407571489,-1.6922157522881411
0.13452858923463232,0.6348553954007545,-1.9192875062586614
-0.30291433652019223,0.23113929363910352,-4.63055339716371
-0.31895782556642455,0.1812041258420112,-3.866867473508754
-0.8096832629236612,-0.43796671684278066,-1.5918446600039495
-0.5350679109074248,0.09951256877958244,-0.5097018888886803
0.36976425108534827,-0.5781412569401926,6.9623885826343
0.0531044693111578,0.8346366257850755,-0.17255188933670695
0.587720611993922,-0.615846503105807,-0.3298613008999116
-0.7984730858456586,-0.14116532102299112,-0.7481069947069651
0.244893986140379,0.706819131233325,-4.4856904197012755
-0.803146561769825,-0.55886903159799,-1.6646437623785248
0.521819215804675,0.5013423668867389,-2.224587159916363
0.3877364774858768,0.6875847220426378,-5.766554989114706
-0.5537327361667906,0.7086210706333451,-0.7050420281194024
0.3635379193340138,-0.7021886380634147,5.820986011133574
0.6147607922401357,-0.6347397704936938,-1.0439550306072918
0.3313473557971456,0.9011183534943833,-2.2210563710332756
-0.7630559536724327,-0.49988093797993505,-2.0821146721149404
0.09461926959908487,0.7282767208127672,-0.8137205653076142
0.05067645101659245,0.772841013690794,-0.20736462948937823
-0.2985274933179818,0.701746266646122,-5.563255395524412
0.1576028404168349,-0.3493626683535934,2.498279658996558
0.6504864656524102,-0.5637320648134081,-1.8398840655385924
0.2377099509154879,-0.3762202396646345,5.013851383102877
0.5313895466322668,0.8445103205827523,-0.8509963496510112
0.6931887115697988,-0.35105406654190824,-2.037610495847503
0.06986178700778876,-0.3674045462942637,0.5462051060897901
0.8291160593983147,-0.5039030055313053,-1.4077317283297885
-0.020297505514090944,0.8008239626247745,-0.029978874027897735
-0.5592118009212104,0.41035111368302846,-0.6470684865310101
-0.5327564766373973,-0.46225565276177266,1.74288258042361
-0.3617085370555177,0.2890698056918659,-5.711142915407189
0.5031980707439846,-0.06423575388654951,0.6083105798600603
-0.30643843137475496,0.30476814117990214,-5.744741136530147
0.3835276294320062,0.645879813131126,-6.281524267901444
0.23303344068568865,-0.35877402362719985,4.763801655059558
-0.4392190318577853,0.6421568878437287,-5.05085196832144
-0.10881579748174042,0.01635806851410787,-0.07255462076380961
0.6794642183523558,-0.1856899198409921,-1.2147040261433164
-0.5728518448128078,0.37932898496597656,-0.14933196592450476
0.19264988562693885,0.5508558746207888,-3.905622247601394
-0.4328475369089519,-0.3470377079589294,5.153191119422168
0.580971375331045,0.6075326878187715,0.11898467784483507
-0.8948013640993581,-0.43361522698313426,-0.7168902264523312
0.06502841718878005,0.8054654609915943,-0.2976173542540014
-0.020193430798998865,0.49063608688586235,-0.05064086202576114
0.056823134129870556,0.812746905227205,-0.22052757218847574
0.033178988908619894,-0.44627071237111676,0.13452109656999203
-0.009580205953145314,0.813121822042822,-0.006323127563723683
0.42025943829690393,-0.7094837770632523,4.900337239414555
0.6982488897128417,0.02717686271139451,0.19614524492409816
0.09294810664375976,0.7911895754187989,-0.6362203083030996
0.37970131791844997,-0.602717267040829,6.695515981800103
0.5218742822864763,0.14099071152894632,-0.9524307233345146
-0.7481854360134017,-0.7134439294522368,-1.7162168644386628
0.6443481608860679,-0.0879130004151435,-0.48477095899111106
0.18973467414827447,-0.3421297581873667,3.393739597142522
-0.00017659599144088933,0.917000835491205,-1.0002251799511997e-06
0.7567761515163391,0.36762655674925127,1.9494281902377235
-0.512267449880922,0.045392139194476225,-0.37515015796139534
0.05955147820572918,0.5892423436954569,-0.4189812621733189
0.4264815531473878,-0.5760003605794738,5.84035030345149
0.11728282473370169,0.903457995388578,-0.48641439673956627
0.3466500208111575,-0.5247209286656199,7.278133788224858
-0.42995076566663376,0.7852106976511409,-3.6881516868863935
0.6548599134743089,-0.5764208925039489,-1.8861154900875683
-0.8532669867537875,-0.4118769104709177,-1.100607186908504
-0.609105250035018,0.7370242247055159,0.7321396156696544
-0.8997167240269955,-0.6207384105970328,-0.6399743239094922
-0.3657667211237341,-0.06761927136031082,1.5209689605019472
0.21564248975505823,-0.1367263308251222,1.9651216235595872
0.8047435700997316,-0.26795902630083246,-1.2502707969521107
-0.2952209793980052,0.7610682988334814,-4.670798723072886
0.36124006093726413,0.5934473759537102,-6.937343727542472
-0.3501778037552305,0.45126478936669956,-7.209755388228862
-0.5337286607718894,0.3783796806674583,-1.5903503824366712
-0.4921491342163408,0.5090736838286145,-3.5122751507190797
-0.6639156764103669,0.07039729731264302,0.4514546764670319
0.033553014745383365,0.8340417864670958,-0.06950234430240648
-0.8323969713602268,-0.520163959548159,-1.3687663916687394
0.6487232811235102,0.15098325189538553,0.84491234523785
-0.3861851422507579,0.6556944691427089,-6.145968934027698
-0.11924404523141606,0.43802372207538476,-1.6487020869742173
0.6915576443462645,-0.7399624790448229,-1.6594694538395611
-0.5913958851461776,0.21857732083381845,0.29914812145578873
0.5052540467386101,0.6452878899009212,-2.64386720033072
0.5245158760301297,-0.1759030223093902,1.1065849231305938
0.22197600860167993,-0.39070027996617807,4.6368315640368865
0.7072843062628932,-0.12615344470102555,-0.8941188651181203
0.13632038469866836,-0.42044132942995,2.0904780622686667
0.6277627724852475,-0.6220640014750541,-1.348495418282701
0.10788983495306731,0.6340655726796951,-1.2681498214736937
0.43026661236783126,0.5357452820545752,-5.8565678859851715
-0.13580176423361207,0.11856873762506995,-0.7797038176323396
0.629575277527357,-0.15003419974372353,-0.6781081665209596
0.7771377539676638,-0.9660121398970025,-0.20869787714117002
0.378271991021241,0.6301903202071442,-6.4953156430938455
-0.35629753267693126,0.714542210379373,-5.683937928923699
0.1023492152784207,0.4592179385556249,-1.245799740504955
0.4360525482291782,0.9169912273703257,-1.4713293533814698
-0.7682705790705548,-0.5534916832385813,-2.0096335499220204
-0.012711866970866126,0.5285715575018771,-0.0200116987211016
0.4415915941363757,-0.319841337637571,4.658059907980788
0.6978700020095596,-0.010187521978723343,-0.07356946070841155
0.20885008329558255,0.7209388251124035,-3.455272203606409
0.252456904230568,0.5298552732800806,-5.825569275700365
0.3800030376755144,-0.39918558468152865,6.704809773001807
0.628376613449474,0.5164527629563549,1.4655427672158952
0.6300958122918847,0.6236514112138789,1.3923485870829193
0.36893474402887333,-0.08385158063461841,1.8710789810615296
-0.44122648937457903,-0.24308983741818085,3.8253718561874392
0.45977626051796594,-0.6943175080190253,3.9733772402020144
-0.018846533223346063,0.8591109657861769,-0.018904239928510737
0.4452134111286175,0.05702770585431158,-0.9607652084211915
0.5839636249786844,-0.6607842191775029,-0.19955709548057804
0.5560674203721816,-0.18967011544105694,0.4471696227570817
-0.9065099190558558,-0.3138225963459579,-0.5254546049306521
-0.6778320212041644,0.08424691968948281,0.5736109087779161
0.26461424566446423,0.675061813144672,-5.267680479984076
0.21717081756508227,0.7285911184683009,-3.5909076989786617
0.5039448829775732,-0.4600245441647827,2.9787758939513522
0.05148865169865395,0.532862073751635,-0.3251884950981979
-0.7213993447556104,0.12600546804406926,0.8894697152324028
-0.8527147219749395,-0.31056405209510485,-0.9523418256321374
0.33439678795416244,-0.6065997708918894,6.8756052191479125
0.6466959979940077,-0.1418514117550152,-0.7832485135997007
-0.5487807230167482,0.483685698645944,-1.0869965474280727
0.08510856947982456,0.5041141990714567,-0.8789374723180055
0.7063135102172545,0.5800893340527767,2.242435130532272
-0.03615041526815618,0.4585992210027075,-0.16051941494835834
-0.0014394835954227025,0.43582794755780213,-0.00025256287091596506
0.5143777399872628,-0.45111090620492905,2.517742181262672
-0.4808777618526781,-0.3958551958452507,3.7817670892761726
0.6733878629763339,0.23334841544016482,1.4423209804104697
-0.47923507518002595,0.7152972791996738,-3.1681292760529884
-0.5653791711212901,0.6203880223623982,-0.4063105802940069
-0.4530405417973684,-0.3116527741158009,4.237790322002732
0.5588883041087643,0.5199543220798074,-0.6848520743406543
0.4648820173443556,0.6334119082114383,-4.246421665450863
-0.7712978133382636,-0.32632518492100093,-1.7196689283382003
-0.11765278367513828,0.7066787281840888,-1.3049543267915331
-0.7897117543327727,-0.35360861226873613,-1.644098613356453
0.06965184574379699,0.34853892103728007,-0.5277989431971747
0.41500161374280087,-0.3900261806370291,5.964436042378831
0.373233975369907,-0.03875560241023029,0.8672905019605495
0.11265737297109532,0.7009645273662571,-1.2180857197805601
0.4651356406413553,-0.4871030367754293,4.634911030910928
0.20629387916228098,-0.35774234942381333,3.977516206187655
0.18138166375075998,-0.4225330187614359,3.4750147597749037
0.0027260560864598438,0.7556079369469331,-0.0006420981501698101
-0.5381977857878042,0.012045665689438281,-0.0577129497499158
-0.38695394801752664,-0.0974827681523257,2.0952434576688335
-0.04432018265242606,0.3942520606596958,-0.22951808820440459
0.6309000890887176,-0.3765889471391911,-1.4085049241401257
-0.6166776304158561,0.004336823651149804,0.01626181494847826
-0.0022107594329227806,0.8406377830520902,-0.0002918499167200105
0.03590484819321754,0.48534249174702065,-0.1595349531717655
-0.5806614038703654,0.6256067198107796,0.10656358566578138
0.568525789685711,-0.4396333753734133,0.3136814626393209
-0.8732306870529299,-0.3497005626201773,-0.8352503751289666
0.7249055658798284,-0.09464637205330968,-0.673365750996011
0.4739096325503632,0.1566171784180647,-2.023596476343495
0.028413961409236015,0.7837111844000402,-0.06295038995215088
0.8545168276467358,-0.5830683100788635,-1.0925831811362772
-0.014125707103036407,0.6766714759598643,-0.021083561939593147
0.5416482360742728,0.19486236592118877,-0.7938258465438531
0.06915489124242319,0.6283113311919636,-0.5385310195852777
-0.4042511017360319,-0.004291128666431873,0.08906014223869928
-0.7368023371346963,0.11886516781097911,0.8222335258161977
0.5533833211884481,0.6336111569189051,-0.8248189698873875
0.0936738914998258,0.7887119796368519,-0.6523834459799277
0.4460129511699262,-0.042480550480210114,0.7135994741730916
-0.8312952392505298,-0.5704916367176889,-1.349913340547379
0.7592094602637011,-0.39738352499259333,-2.003779643041368
-0.49824591176545613,0.7092507226763244,-2.572834517367088
-0.8742860185558169,-0.32888886775937753,-0.7965791679001037
-0.3733225703609289,-0.03168705875378911,0.7095897018193206
-0.3064320625892629,0.23137360053770462,-4.668501698767513
0.24568029869863248,0.5863101830152265,-5.44999163972917
0.5334119506988018,-0.17720324030527831,0.9127239243138403
0.015171639543295722,0.3943598649152107,-0.027053010304017286
-0.3055001869094841,0.22407310707912073,-4.538340848719337
0.4481448144791401,-0.06228769457705597,1.027823955941049
0.6939575742154038,-0.40184571564222205,-2.1781894115908003
-0.42166990247181413,0.6787305593904414,-5.208697477267667
-0.14057580031869674,-0.031511584239615496,0.2256376929535473
-0.4833336267406088,-0.16262913812650898,1.902148852884063
-0.3963645920811557,0.4226638177108562,-6.577742632056153
-0.1831355108566488,0.02646194070143075,-0.30215340609576735
-0.4206152613733988,-0.07544712740257342,1.4520282458383447
-0.7157938195710839,0.1690435626379983,1.1725729659214117
-0.8913593283376113,-0.32120847287567506,-0.6467142491216512
0.7832725116637272,-0.3373850008717994,-1.6567671585179948
0.3167549829711756,-0.6431456475071669,6.440653513976152
0.015448916155925585,0.5300300738634602,-0.029537157337093632
0.21401977403065214,-0.40726683768744787,4.469012980280635
-0.5362873596600919,0.7095149906144852,-1.2703051634678666
0.3701878843164665,-0.6464432404875636,6.427499068445912
0.644012061383109,0.1697863993700381,0.9009845193374467
0.45672046971502767,-0.06519101197230362,1.0101259083907792
-0.4263552072985741,-0.09477253705150795,1.7644578776858906
-0.050628678117928094,0.4829022840223343,-0.3157373535632628
-0.9874555327889981,-0.5626143688948491,-0.07020371736534944
0.7030650929552728,-0.955614982167688,-0.32119705142651467
0.507891551637937,-0.0948245900852494,0.8307671974132754
0.3224968477544407,0.5602228974439293,-7.077397434161776
0.07543612661246593,0.8425277424114165,-0.3296951015316448
-0.003613721954012543,0.7821870728176786,-0.0010269094260416222
0.7695352255462345,-0.5229208190514077,-2.0220876803566488
0.842343136000061,-0.4088944935725096,-1.210791348835297
0.6666033883006843,-0.04823294813331479,-0.3152045183053243
-0.40600965486231544,-0.06382187604583582,1.3076046804869708
-0.4227264166153881,0.7450482993084925,-4.396309376023083
-0.9871829913021862,-0.6395986013946964,-0.06623491335814202
0.8963049314077135,-0.6155087212704441,-0.6724062298008993
0.4543615568370504,0.7906000290890223,-3.0914865848411006
0.7351872454503607,-0.3522863459522069,-2.022153812911208
-0.3568317975306383,0.7336429001064367,-5.399580555332614
-0.022748122996822197,0.44925701407197766,-0.06345450055246467
0.18332622955936725,-0.6623497117161016,3.1811973390676433
-0.059526763334112824,0.05778198344715696,-0.07864840070018284
-0.6514080073130651,0.43869270102051394,1.85644307330129
0.19777246519385366,0.857541980245931,-1.7859997093774926
0.09828223753928966,0.7732252232364175,-0.7594516197222391
-0.06362405604774622,-0.07421791755943016,0.11479307510333095
-0.4876283849177436,0.7611300680551458,-2.5283733424222965
0.35004533766780216,-0.11538773389715684,2.5870407898049765
0.5850912469081752,0.12754731125540916,0.10371574190123027
0.9040273123101785,-0.6675088536138469,-0.5632914964814044
0.03328916181042278,0.46542223563640867,-0.13655525368875304
-0.055275480163834045,0.5593233884922699,-0.3697545852195143
0.6526885873139434,-0.3353418574627195,-1.6605421777268272
0.4153626544493262,-0.5195139926172543,6.317457371742215
-0.014103364833373544,0.7423551487333442,-0.01790106217353251
-0.7921878510748815,0.11468273602157703,0.6378575141300957
0.3960180151637996,0.9276327689856304,-1.529018610839715
-0.44419085603582664,0.15627859745423398,-2.5590332590845426
0.4002808682539437,0.9093636020335315,-1.8807165591344135
0.535475885043138,0.09589933308419277,-0.4866544240996114
0.8605959483454544,-0.6074255364923942,-1.0066692413311114
-0.016584879880190993,0.7617222948659569,-0.023268523000669467
-0.17224566751155848,-0.04677870478987023,0.48015928858637985
-0.3176045346598618,0.7223158593988308,-5.4838932612336935
-0.48281735643496826,-0.03584077348744121,0.43953778338664484
-0.3299188328570066,0.7792885764991148,-4.639145873962346
-0.4173167164413855,-0.0613714945175403,1.2026065037299907
0.8615424672958745,-0.6478941387643086,-0.9449384658320855
-0.373690728093443,0.26336421781020036,-5.253060556411197
-0.18280740595389816,-0.09556688446592848,1.0729161662972977
0.3544425189765949,-0.6084239031328147,6.864047060069138
0.06887925351164287,0.5556727418332598,-0.5720136086425327
0.6424692780876544,-0.1099260112400917,-0.5907413999471279
-0.622804207886671,0.406159653580113,1.2840316652999635
0.7143651602173648,-0.11643231436531123,-0.8285524352649447
0.762898229247604,-0.6104537351495898,-1.959219468701757
-0.8238029633630761,-0.2526255869679348,-1.0456668367130595
0.49808344528591314,-0.04399804003765846,0.44879546792915953
0.13641490662659195,0.4542332462432399,-2.1379876950608545
0.04176691261003396,0.8929556017076036,-0.07120571338691029
0.03244025518922939,0.8016935849866185,-0.07612706163138924
0.7409741494354106,-0.8556159159294549,-0.9784401787709348
0.21176268032263348,-0.44760398378353355,4.529391571276552
-0.614451046958634,0.48112760451125075,1.1350678138946046
0.7490991439415803,-0.41113680496189,-2.1000540461439723
-0.28957751242773827,0.7303462814924926,-5.053625963985242
-0.33279451565059665,0.7852393481114099,-4.543219143790336
0.38894534473304154,-0.07564304702693475,1.6280694085354883
-0.3201284386736916,-0.03994509173567799,0.8992930989311267
0.1773907354668855,0.8666416999993655,-1.4028279159226111
0.010387765107400086,0.5397482694236649,-0.013315035267601912
-0.17302176247128706,0.4258051700754691,-3.2151619948632213
-0.590903251011254,0.07682032538895013,0.10901433243239791
0.24763906094531385,-0.6824049389414094,4.800989119305733
0.5663130783019202,-0.4825282939771565,0.4014361835850086
-0.549306292469584,0.7329939564533596,-0.793782707885312
0.4569220482340353,0.6030452459199955,-4.7015267880816065
0.706170306926564,-0.33513355763659186,-2.011530955460352
0.7558124380669353,-0.384292650271913,-1.9984655998079475
0.41504352539587297,0.6654754560217725,-5.500600481467843
0.18703280659569926,-0.3941654151043558,3.5621466404873603
0.32615126684472545,0.5802813294120351,-7.005442027864941
0.647097795786422,-0.6479008869521868,-1.630368586322567
-0.3438083660617592,0.6136481166398406,-6.84025569356422
0.44003926116981873,0.8616224155043367,-2.3467581341937787
-0.37906595498962964,-0.09239073569092533,2.0230037156214644
-0.05812754769556398,0.8753441146167991,-0.15864417077399032
0.5744693318561243,0.4865693319235496,-0.10234649600695105
-0.12798738750054697,0.4206024080363804,-1.8597770054242853
0.03430298642200495,0.7287210431088129,-0.10977247831819524
0.35134653871821037,-0.4575347839679946,7.227543902316132
-0.8385610138257249,-0.5626825523184986,-1.2783685329127141
0.5162211498090373,-0.4042294600254587,2.35666854641228
-0.3733952493945557,0.31343723034831766,-5.9475917709555945
-0.5133776785028201,0.6819741879616796,-2.179241670515852
0.5146719274924709,-0.3814305406078178,2.361084132386382
-0.3484323790068649,-0.0027069374324034806,0.062063834279499526
-0.586774582314135,0.318733424062542,0.2710512199616741
0.35403307652124166,0.8694092111245374,-2.9052176193437687
-0.5704285553874214,0.4086320743318792,-0.23894906029099697
-0.4715137120256946,0.5856933960166685,-4.223873877867095
-0.13907435301316415,0.005992851123230732,-0.04214075368682204
-0.4520485163598711,-0.2226724603386513,3.3113128654881834
-0.25148600731080195,0.6473506397173643,-5.2109549653388525
0.7287720761280804,-0.9185180143772725,-0.5789446716257097
0.42079380022252544,0.9514932801866349,-0.93792390369811
-0.05037919023938424,0.47496046418593885,-0.31214316371302353
-0.5986804925381171,0.15698635405933015,0.33015554421127224
-0.0538414766612568,0.45820724236843213,-0.35411616261125684
0.5904300783885045,-0.5622838986938927,-0.4325334375234154
0.3638646341171528,-0.011844788295596015,0.26893936386233164
0.7025390063462987,-0.6882744613568494,-1.917598973372278
-0.8483630701329952,-0.27488220623340903,-0.9097486004399765
0.3434203729727851,0.5711763772042157,-7.118731514155815
0.0831063319948043,-0.44272778081349945,0.8256119384335184
-0.5717782117350007,0.586598341628911,-0.19240974253526152
-0.06590762478913077,0.7890315116493097,-0.3276995533037876
-0.015016976690159702,0.5380285406432592,-0.027834607123162595
0.6735328241219394,0.04571741940931981,0.30869374225475427
-0.36207440040672556,0.7922035161348822,-4.398866042919017
0.49699915131140143,-0.6336880859875791,3.017068160207639
0.6680501872412348,0.08457975191455226,0.5523879567284292
0.041347576848169004,0.47453116954460745,-0.2108201284357142
-0.07702032166469977,0.44511570251244903,-0.7125449769694931
0.6486059300138748,-0.1153945237057316,-0.6553673315383887
0.02531934998262737,0.883149572510242,-0.028564344731767003
0.8254209049711022,-0.7880612081697824,-0.8949387259247892
0.08160786357671483,0.8347399976093726,-0.40184075476461173
0.2620578353661185,0.6376993210466555,-5.549384824330061
0.7132878594481845,-0.8958206954138411,-0.7448906018528874
-0.38852123131264876,-0.05289236033308706,1.1451215038713762
-0.49152451690328347,0.34256277786851674,-3.116261085665888
0.3630472086546287,0.8828961214290441,-2.60207453248684
-0.49472275935164306,-0.3740840884261818,3.1399406480678507
0.0598328811493086,0.8574391248741338,-0.19057644988185868
0.5050870280476638,0.014668322198988643,-0.13601630267361822
-0.5431099149520134,0.33591670311111216,-1.1491830133956784
0.7431814956782437,-0.00894546749458483,-0.062399588873229175
0.5629804571323394,0.09123340483566253,-0.1493583238786569
-0.04481545063106782,-0.08216872246445021,0.06336477844002225
0.6730421155113167,-0.7953578834148382,-1.2903328341466875
0.45058788539611905,0.5758388704527886,-5.050066065055465
-0.15968787500367693,0.48166567051444886,-2.868198472043139
-0.14283791034863974,0.05280377837926043,-0.3881545271277596
-0.46501927549077227,-0.010095639368280576,0.14724541479215933
-0.335300651417066,-0.25598379221287476,5.2461133276836165
0.07796801204089698,0.6792532605284883,-0.6264001066845833
-0.9221077553984829,-0.5477453767448063,-0.49771707749660765
0.15897565458992155,0.6922011592032834,-2.346294816713594
-0.24983174650993265,0.2508015617735113,-4.0951121784022195
0.6339852044630135,-0.46967494439653534,-1.5776676128893536
0.4339619616786131,-0.30757502611925436,4.751713685405784
-0.9375732308965917,-0.51902343375042,-0.3874211856219241
-0.19805740474609482,0.44664399079356387,-4.078589927223318
-0.056970669237504386,-0.007715762541749514,0.009681487763372324
-0.8188097600122578,-0.3152103517645397,-1.2727127400304639
0.14129627737984723,0.7588150558032841,-1.5837478503933735
-0.9476769180053572,-0.6312581956179468,-0.2913083608360925
0.40209586972218914,0.5617381005382848,-6.530522182251866
0.8350342593545567,-0.5610006427539277,-1.3178130141072464
0.6925104378320674,-0.202646815965714,-1.355601203784062
0.8136303135809639,-0.5869070715881256,-1.5207535495421602
0.5398371193540301,-0.6904305634822867,1.2038127835649952
-0.48033292919521914,-0.40262224428892057,3.8300152564065346
-0.36503394492393765,0.3989596821158855,-6.859199593609298
0.5117964299121647,0.590324145525075,-2.5538013331712537
0.6163760941320335,-0.5282832061224909,-1.1813515938511883
